{
  "phases": {
    "phase1_2": {
      "successful": 10,
      "total": 50,
      "pattern_usage": {
        "mahalle_numeric_street": 7,
        "mahalle_site_sokak": 1,
        "mahalle_cadde_no": 2
      },
      "confidence_scores": [
        0.9,
        0.9,
        0.85,
        0.0,
        0.0,
        0.0,
        0.0,
        0.0,
        0.0,
        0.0,
        0.0,
        0.0,
        0.0,
        0.0,
        0.0,
        0.0,
        0.0,
        0.0,
        0.0,
        0.0,
        0.0,
        0.8,
        0.0,
        0.0,
        0.0,
        0.0,
        0.0,
        0.0,
        0.0,
        0.9,
        0.0,
        0.0,
        0.0,
        0.0,
        0.0,
        0.0,
        0.9,
        0.8,
        0.0,
        0.0,
        0.9,
        0.0,
        0.9,
        0.0,
        0.0,
        0.0,
        0.9,
        0.0,
        0.0,
        0.0
      ],
      "processing_times": [
        0.0,
        0.49996376037597656,
        0.0,
        0.0,
        0.0,
        0.0,
        0.0,
        0.0,
        0.0,
        0.0,
        0.0,
        0.0,
        0.4932880401611328,
        0.0,
        0.0,
        0.0,
        0.0,
        0.0,
        0.0,
        0.0,
        0.0,
        0.0,
        0.0,
        0.0,
        0.0,
        0.0,
        0.0,
        0.0,
        0.0,
        0.0,
        0.0,
        0.0,
        0.0,
        0.0,
        0.0,
        0.0,
        0.0,
        0.0,
        0.0,
        0.0,
        0.0,
        0.0,
        0.0,
        0.0,
        0.0,
        0.0,
        0.0,
        0.0,
        0.0,
        0.0
      ],
      "success_rate": 0.2,
      "avg_confidence": 0.17500000000000004,
      "avg_processing_time": 0.019865036010742188
    },
    "phase3": {
      "successful": 3,
      "total": 50,
      "pattern_usage": {
        "ml_mahalle_detection": 35,
        "ml_numbered_street": 18,
        "ml_building_number": 39,
        "ml_complex_detection": 9,
        "ml_apartment_details": 5
      },
      "confidence_scores": [
        0.39,
        0.39,
        0.38,
        0.39,
        0.53,
        0.38,
        0.26,
        0.13999999999999999,
        0.27,
        0.39,
        0.27,
        0.26,
        0.13999999999999999,
        0.12,
        0.26,
        0.13999999999999999,
        0.26,
        0.27,
        0.0,
        0.26,
        0.26,
        0.26,
        0.0,
        0.13999999999999999,
        0.13999999999999999,
        0.27,
        0.25,
        0.25,
        0.26,
        0.39,
        0.12,
        0.13999999999999999,
        0.66,
        0.0,
        0.25,
        0.12,
        0.39,
        0.26,
        0.4,
        0.26,
        0.39,
        0.38,
        0.54,
        0.26,
        0.38,
        0.39,
        0.39,
        0.26,
        0.26,
        0.26
      ],
      "ml_coverage": {
        "3": 14,
        "4": 2,
        "2": 21,
        "1": 9,
        "0": 3,
        "5": 1
      },
      "success_rate": 0.06,
      "avg_confidence": 0.27659999999999996
    },
    "phase4": {
      "successful": 18,
      "total": 50,
      "adaptive_adjustments": {
        "number_boost": 22,
        "mahalle_boost+number_boost": 12,
        "number_boost+complex_boost": 3,
        "no_adjustments": 2,
        "no_number_penalty": 4,
        "mahalle_boost": 4,
        "complex_boost": 1,
        "mahalle_boost+number_boost+complex_boost": 2
      },
      "confidence_scores": [
        0.27999999999999997,
        0.54,
        0.30400000000000005,
        0.54,
        0.54,
        0.27999999999999997,
        0.27999999999999997,
        0.27999999999999997,
        0.27999999999999997,
        0.30400000000000005,
        0.27999999999999997,
        0.27999999999999997,
        0.27999999999999997,
        0.24,
        0.54,
        0.27999999999999997,
        0.27999999999999997,
        0.27999999999999997,
        0.16,
        0.30400000000000005,
        0.54,
        0.54,
        0.16,
        0.27999999999999997,
        0.27999999999999997,
        0.48,
        0.48,
        0.48,
        0.54,
        0.27999999999999997,
        0.48,
        0.27999999999999997,
        0.54,
        0.16,
        0.26399999999999996,
        0.16,
        0.27999999999999997,
        0.27999999999999997,
        0.24,
        0.27999999999999997,
        0.27999999999999997,
        0.576,
        0.54,
        0.27999999999999997,
        0.576,
        0.27999999999999997,
        0.27999999999999997,
        0.54,
        0.54,
        0.54
      ],
      "threshold_usage": {
        "pattern": 18,
        "ml": 0,
        "legacy": 32
      },
      "success_rate": 0.36,
      "avg_confidence": 0.3601599999999999
    },
    "integrated": {
      "successful": 48,
      "total": 50,
      "phase_distribution": {
        "phase1_2": 7,
        "phase3": 31,
        "phase4": 8,
        "fallback": 4
      },
      "confidence_scores": [
        0.9,
        0.9,
        1.0,
        1.0,
        0.8,
        1.0,
        1.0,
        0.7,
        0.7,
        0.7,
        0.7,
        1.0,
        0.45,
        0.45,
        0.8,
        0.45,
        1.0,
        0.7,
        0.3,
        0.45,
        1.0,
        1.0,
        0.1,
        0.45,
        0.7,
        0.55,
        0.7,
        0.7,
        0.8,
        0.9,
        0.7,
        0.45,
        1.0,
        0.1,
        0.45,
        0.3,
        0.9,
        1.0,
        0.7,
        1.0,
        0.9,
        1.0,
        0.9,
        1.0,
        1.0,
        1.0,
        0.9,
        1.0,
        1.0,
        0.8
      ],
      "processing_times": [
        0.0,
        0.0,
        1.0058879852294922,
        0.0,
        0.0,
        0.0,
        0.0,
        0.0,
        0.0,
        0.0,
        0.0,
        0.0,
        0.0,
        0.0,
        0.0,
        0.0,
        0.0,
        0.0,
        0.0,
        0.0,
        0.0,
        0.0,
        0.0,
        0.0,
        0.0,
        0.0,
        0.0,
        0.0,
        0.0,
        0.0,
        0.0,
        0.0,
        0.0,
        0.0,
        0.0,
        0.0,
        0.0,
        0.0,
        0.0,
        0.0,
        0.0,
        0.0,
        0.0,
        0.0,
        0.0,
        0.0,
        0.0,
        0.0,
        0.0,
        0.0
      ],
      "success_rate": 0.96,
      "avg_confidence": 0.7599999999999997,
      "avg_processing_time": 0.020117759704589844
    }
  },
  "performance_metrics": {
    "success_rates": {
      "phase1_2": 0.2,
      "phase3": 0.06,
      "phase4": 0.36,
      "integrated": 0.96
    },
    "confidence_improvements": {
      "phase1_2": -0.024999999999999967,
      "phase3": 0.07659999999999995,
      "phase4": 0.1601599999999999,
      "integrated": 0.5599999999999996
    },
    "processing_efficiency": {
      "phase1_2": 0.019865036010742188,
      "integrated": 0.020117759704589844
    },
    "improvement_factors": {
      "phase1_2": 4.0,
      "phase3": 1.2,
      "phase4": 7.199999999999999,
      "integrated": 19.2
    }
  },
  "improvement_tracking": {},
  "production_readiness": {
    "criteria_met": {
      "success_rate": true,
      "confidence": true,
      "processing_speed": true,
      "pattern_coverage": true
    },
    "overall_score": 1.0,
    "production_ready": true,
    "recommendations": []
  }
}
