{
  "optimization_timestamp": "2025-08-25T18:13:39.200447",
  "optimization_version": "Phase 1: Pattern Enhancement + Threshold Optimization",
  "baseline_results": {
    "total_tested": 20,
    "successful": 1,
    "pattern_used": 1,
    "ml_used": 0,
    "legacy_used": 0,
    "avg_confidence": 0.038,
    "avg_time": 1.06
  },
  "optimized_results": {
    "total_tested": 20,
    "successful": 1,
    "failed": 19,
    "pattern_used": 1,
    "ml_used": 0,
    "legacy_used": 0,
    "fallback_used": 19,
    "confidence_scores": [
      0.0,
      0.0,
      0.7661084324440158,
      0.0,
      0.0,
      0.0,
      0.0,
      0.0,
      0.0,
      0.0,
      0.0,
      0.0,
      0.0,
      0.0,
      0.0,
      0.0,
      0.0,
      0.0,
      0.0,
      0.0
    ],
    "processing_times": [
      2.047300338745117,
      1.9450187683105469,
      3.492593765258789,
      0.5002021789550781,
      1.5001296997070312,
      0.9992122650146484,
      1.5118122100830078,
      2.4878978729248047,
      0.5009174346923828,
      1.5163421630859375,
      0.0,
      1.0075569152832031,
      0.949859619140625,
      0.5047321319580078,
      0.49948692321777344,
      0.49996376037597656,
      0.499725341796875,
      1.5003681182861328,
      0.5002021789550781,
      1.0001659393310547
    ],
    "method_usage": {
      "pattern": 1,
      "ml": 0,
      "legacy": 0,
      "fallback": 19
    },
    "success_rate": 0.05,
    "avg_confidence": 0.03830542162220079,
    "avg_time": 1.1731743812561035
  },
  "improvement_summary": {
    "success_rate_improvement": 0.0,
    "confidence_improvement": 0.00030542162220079105,
    "pattern_usage_improvement": 0,
    "legacy_activation": false
  },
  "production_assessment": {
    "ready": false,
    "criteria_met": {
      "success_rate": false,
      "confidence": false,
      "compliance": true,
      "processing_speed": true
    }
  },
  "successful_examples": [
    {
      "address": "Karaova mahallesi idareciler sitesi Lale sokak no 27 Kuşadas...",
      "confidence": 0.7661084324440158,
      "method": "methodenum.pattern",
      "processing_time": 3.492593765258789
    }
  ],
  "failed_examples": [
    {
      "address": "Ergene Mahallesi 534 Sokak No:1/b İzmir Akın Sigorta",
      "confidence": 0.0,
      "method": "methodenum.fallback"
    },
    {
      "address": "Bosch Siemens profilo yetkili servisi Yeni mah 618 sok no:5/...",
      "confidence": 0.0,
      "method": "methodenum.fallback"
    },
    {
      "address": "Kalabak Mah 3328 sokak, No 8, 35430 ,Urla",
      "confidence": 0.0,
      "method": "methodenum.fallback"
    },
    {
      "address": "Zafer mah. 114.sk no:1 kat:3 daire:32 başar suites apartmanı...",
      "confidence": 0.0,
      "method": "methodenum.fallback"
    },
    {
      "address": "Mordoğan mahallesi, Doğa evleri, 12.sokak, no:28 Karaburun",
      "confidence": 0.0,
      "method": "methodenum.fallback"
    }
  ]
}
